{"././model/lead_model_xgboost.json": {"0.0": {"precision": 0.8035211267605634, "recall": 0.8598342125094197, "f1-score": 0.8307244266472515, "support": 1327.0}, "1.0": {"precision": 0.8271375464684015, "recall": 0.7613344739093242, "f1-score": 0.7928730512249443, "support": 1169.0}, "accuracy": 0.8137019230769231, "macro avg": {"precision": 0.8153293366144825, "recall": 0.810584343209372, "f1-score": 0.8117987389360979, "support": 2496.0}, "weighted avg": {"precision": 0.8145818617919989, "recall": 0.8137019230769231, "f1-score": 0.8129967592319162, "support": 2496.0}}, "././model/lead_model_lr.pkl": {"0.0": {"precision": 0.7573529411764706, "recall": 0.8765957446808511, "f1-score": 0.8126232741617357, "support": 235.0}, "1.0": {"precision": 0.8284023668639053, "recall": 0.6796116504854369, "f1-score": 0.7466666666666667, "support": 206.0}, "accuracy": 0.7845804988662132, "macro avg": {"precision": 0.792877654020188, "recall": 0.778103697583144, "f1-score": 0.7796449704142012, "support": 441.0}, "weighted avg": {"precision": 0.7905415617923699, "recall": 0.7845804988662132, "f1-score": 0.7818136117037215, "support": 441.0}}}