{"././model/lead_model_xgboost.json": {"0.0": {"precision": 0.8252427184466019, "recall": 0.8327053504144687, "f1-score": 0.8289572393098275, "support": 1327.0}, "1.0": {"precision": 0.808124459809853, "recall": 0.7998289136013687, "f1-score": 0.8039552880481513, "support": 1169.0}, "accuracy": 0.8173076923076923, "macro avg": {"precision": 0.8166835891282275, "recall": 0.8162671320079187, "f1-score": 0.8164562636789894, "support": 2496.0}, "weighted avg": {"precision": 0.8172253929873232, "recall": 0.8173076923076923, "f1-score": 0.8172475914633132, "support": 2496.0}}, "././model/lead_model_lr.pkl": {"0.0": {"precision": 0.7573529411764706, "recall": 0.8765957446808511, "f1-score": 0.8126232741617357, "support": 235.0}, "1.0": {"precision": 0.8284023668639053, "recall": 0.6796116504854369, "f1-score": 0.7466666666666667, "support": 206.0}, "accuracy": 0.7845804988662132, "macro avg": {"precision": 0.792877654020188, "recall": 0.778103697583144, "f1-score": 0.7796449704142012, "support": 441.0}, "weighted avg": {"precision": 0.7905415617923699, "recall": 0.7845804988662132, "f1-score": 0.7818136117037215, "support": 441.0}}}