{"././model/lead_model_xgboost.json": {"0.0": {"precision": 0.8323170731707317, "recall": 0.8229088168801808, "f1-score": 0.8275862068965517, "support": 1327.0}, "1.0": {"precision": 0.8015202702702703, "recall": 0.8118049615055604, "f1-score": 0.8066298342541437, "support": 1169.0}, "accuracy": 0.8177083333333334, "macro avg": {"precision": 0.816918671720501, "recall": 0.8173568891928706, "f1-score": 0.8171080205753477, "support": 2496.0}, "weighted avg": {"precision": 0.8178934102738408, "recall": 0.8177083333333334, "f1-score": 0.8177713032030521, "support": 2496.0}}, "././model/lead_model_lr.pkl": {"0.0": {"precision": 0.7582417582417582, "recall": 0.8808510638297873, "f1-score": 0.8149606299212598, "support": 235.0}, "1.0": {"precision": 0.8333333333333334, "recall": 0.6796116504854369, "f1-score": 0.7486631016042781, "support": 206.0}, "accuracy": 0.7868480725623582, "macro avg": {"precision": 0.7957875457875458, "recall": 0.780231357157612, "f1-score": 0.781811865762769, "support": 441.0}, "weighted avg": {"precision": 0.7933185484205891, "recall": 0.7868480725623582, "f1-score": 0.7839917164670689, "support": 441.0}}}