{"././model/lead_model_xgboost.json": {"0.0": {"precision": 0.8289174867524602, "recall": 0.8251695553880934, "f1-score": 0.8270392749244713, "support": 1327.0}, "1.0": {"precision": 0.8025531914893617, "recall": 0.806672369546621, "f1-score": 0.8046075085324232, "support": 1169.0}, "accuracy": 0.8165064102564102, "macro avg": {"precision": 0.815735339120911, "recall": 0.8159209624673572, "f1-score": 0.8158233917284472, "support": 2496.0}, "weighted avg": {"precision": 0.8165697859661772, "recall": 0.8165064102564102, "f1-score": 0.816533371514093, "support": 2496.0}}, "././model/lead_model_lr.pkl": {"0.0": {"precision": 0.7573529411764706, "recall": 0.8765957446808511, "f1-score": 0.8126232741617357, "support": 235.0}, "1.0": {"precision": 0.8284023668639053, "recall": 0.6796116504854369, "f1-score": 0.7466666666666667, "support": 206.0}, "accuracy": 0.7845804988662132, "macro avg": {"precision": 0.792877654020188, "recall": 0.778103697583144, "f1-score": 0.7796449704142012, "support": 441.0}, "weighted avg": {"precision": 0.7905415617923699, "recall": 0.7845804988662132, "f1-score": 0.7818136117037215, "support": 441.0}}}