{"././model/lead_model_xgboost.json": {"0.0": {"precision": 0.832312404287902, "recall": 0.8191409193669932, "f1-score": 0.825674135966578, "support": 1327.0}, "1.0": {"precision": 0.7983193277310925, "recall": 0.8126603934987169, "f1-score": 0.8054260279779568, "support": 1169.0}, "accuracy": 0.8161057692307693, "macro avg": {"precision": 0.8153158660094972, "recall": 0.815900656432855, "f1-score": 0.8155500819722674, "support": 2496.0}, "weighted avg": {"precision": 0.8163917686729539, "recall": 0.8161057692307693, "f1-score": 0.8161909475696637, "support": 2496.0}}, "././model/lead_model_lr.pkl": {"0.0": {"precision": 0.7582417582417582, "recall": 0.8808510638297873, "f1-score": 0.8149606299212598, "support": 235.0}, "1.0": {"precision": 0.8333333333333334, "recall": 0.6796116504854369, "f1-score": 0.7486631016042781, "support": 206.0}, "accuracy": 0.7868480725623582, "macro avg": {"precision": 0.7957875457875458, "recall": 0.780231357157612, "f1-score": 0.781811865762769, "support": 441.0}, "weighted avg": {"precision": 0.7933185484205891, "recall": 0.7868480725623582, "f1-score": 0.7839917164670689, "support": 441.0}}}