{"././artifacts/lead_model_xgboost.json": {"0.0": {"precision": 0.8318112633181126, "recall": 0.8236623963828184, "f1-score": 0.8277167739492617, "support": 1327.0}, "1.0": {"precision": 0.8020304568527918, "recall": 0.8109495295124037, "f1-score": 0.8064653339004679, "support": 1169.0}, "accuracy": 0.8177083333333334, "macro avg": {"precision": 0.8169208600854523, "recall": 0.817305962947611, "f1-score": 0.8170910539248648, "support": 2496.0}, "weighted avg": {"precision": 0.8178634417003402, "recall": 0.8177083333333334, "f1-score": 0.8177636756251271, "support": 2496.0}}, "././artifacts/lead_model_lr.pkl": {"0.0": {"precision": 0.7573529411764706, "recall": 0.8765957446808511, "f1-score": 0.8126232741617357, "support": 235.0}, "1.0": {"precision": 0.8284023668639053, "recall": 0.6796116504854369, "f1-score": 0.7466666666666667, "support": 206.0}, "accuracy": 0.7845804988662132, "macro avg": {"precision": 0.792877654020188, "recall": 0.778103697583144, "f1-score": 0.7796449704142012, "support": 441.0}, "weighted avg": {"precision": 0.7905415617923699, "recall": 0.7845804988662132, "f1-score": 0.7818136117037215, "support": 441.0}}}