{"././artifacts/lead_model_xgboost.json": {"0.0": {"precision": 0.8128531073446328, "recall": 0.8673700075357951, "f1-score": 0.8392271235873131, "support": 1327.0}, "1.0": {"precision": 0.837037037037037, "recall": 0.7733105218135158, "f1-score": 0.8039128501556247, "support": 1169.0}, "accuracy": 0.8233173076923077, "macro avg": {"precision": 0.8249450721908349, "recall": 0.8203402646746554, "f1-score": 0.821569986871469, "support": 2496.0}, "weighted avg": {"precision": 0.8241796353135513, "recall": 0.8233173076923077, "f1-score": 0.8226877062629365, "support": 2496.0}}, "././artifacts/lead_model_lr.pkl": {"0.0": {"precision": 0.7582417582417582, "recall": 0.8808510638297873, "f1-score": 0.8149606299212598, "support": 235.0}, "1.0": {"precision": 0.8333333333333334, "recall": 0.6796116504854369, "f1-score": 0.7486631016042781, "support": 206.0}, "accuracy": 0.7868480725623582, "macro avg": {"precision": 0.7957875457875458, "recall": 0.780231357157612, "f1-score": 0.781811865762769, "support": 441.0}, "weighted avg": {"precision": 0.7933185484205891, "recall": 0.7868480725623582, "f1-score": 0.7839917164670689, "support": 441.0}}}