{"././models/lead_model_xgboost.json": {"0.0": {"precision": 0.8450479233226837, "recall": 0.7972871137905049, "f1-score": 0.8204730515703761, "support": 1327.0}, "1.0": {"precision": 0.7837620578778135, "recall": 0.8340461933276304, "f1-score": 0.8081226688769167, "support": 1169.0}, "accuracy": 0.8145032051282052, "macro avg": {"precision": 0.8144049906002486, "recall": 0.8156666535590676, "f1-score": 0.8142978602236464, "support": 2496.0}, "weighted avg": {"precision": 0.8163447275273901, "recall": 0.8145032051282052, "f1-score": 0.8146887577528065, "support": 2496.0}}, "././models/lead_model_lr.pkl": {"0.0": {"precision": 0.7582417582417582, "recall": 0.8808510638297873, "f1-score": 0.8149606299212598, "support": 235.0}, "1.0": {"precision": 0.8333333333333334, "recall": 0.6796116504854369, "f1-score": 0.7486631016042781, "support": 206.0}, "accuracy": 0.7868480725623582, "macro avg": {"precision": 0.7957875457875458, "recall": 0.780231357157612, "f1-score": 0.781811865762769, "support": 441.0}, "weighted avg": {"precision": 0.7933185484205891, "recall": 0.7868480725623582, "f1-score": 0.7839917164670689, "support": 441.0}}}